Time,Mode,Roll,Pitch,Z Relative distance,Y Relative Distance,X Relative Distance,Z Velocity Input,Y Velocity Input,X Velocity Input,Z Absolute Variance,Y Absolute Variance,X Absolute Variance
1609703823.9411714,Wait,-0.0036851351615041494,-0.003885970450937748,1.4538106439132064,0.10814379306098121,-1.5201540160988536,0,0,0,-10.605270842788741,-0.08879368007183075,0.1132020466029644
1609703824.2717671,Wait,-0.00231736758723855,-0.0036556196864694357,1.4176214812866998,-0.041981081281330976,-1.5306985869516807,0,0,0,-10.94310329365544,-0.08644634485244751,0.11150375381112099
1609703824.364162,Wait,0.009929245337843895,0.009821728803217411,1.4505867802053718,-0.033415451200181384,-1.50323818302035,0,0,0,-11.220498542068526,-0.08583386614918709,0.11370602622628212
1609703824.4740143,Wait,0.009929245337843895,0.009821728803217411,1.3951502276715904,0.16143640246491403,-1.5439341974630916,0,0,0,-11.220498542068526,-0.08583386614918709,0.11370602622628212
1609703824.5781775,Wait,0.0013797557912766933,0.002121733734384179,1.4365947395526129,0.14339208912452672,-1.4950869732241319,0,0,0,-11.349920729873702,-0.0894005224108696,0.12167046591639519
1609703824.6771576,Wait,0.0013797557912766933,0.002121733734384179,1.4631344916063722,0.05176630795296712,-1.4417410240772977,0,0,0,-11.349920729873702,-0.0894005224108696,0.12167046591639519
1609703824.793636,Wait,-0.00322994333691895,-0.0015964714111760259,1.4606109455527947,-0.007505803722921051,-1.4396554950619485,0,0,0,-11.358370284317061,-0.09430528804659843,0.13119563087821007
1609703824.893443,Wait,-0.00322994333691895,-0.0015964714111760259,1.4659464372543332,-0.01276183728631983,-1.4501375170772342,0,0,0,-11.358370284317061,-0.09430528804659843,0.13119563087821007
1609703824.991974,Wait,-0.00322994333691895,-0.0015964714111760259,1.4911405241484306,-0.03718362777679387,-1.4067232815380788,0,0,0,-11.358370284317061,-0.09430528804659843,0.13119563087821007
1609703825.0881047,Wait,-0.004929244518280029,-0.003136381506919861,1.4918343127946878,-0.03555382221632593,-1.4160383694358754,0,0,0,-11.338824729202315,-0.09988108649849892,0.14137553051114082
1609703825.1926465,Wait,-0.004929244518280029,-0.003136381506919861,1.485962765430581,-0.06559611497875222,-1.420860290981288,0,0,0,-11.338824729202315,-0.09988108649849892,0.14137553051114082
1609703825.3072507,Wait,-0.005583904217928648,-0.003146946430206299,1.492579424991105,-0.09134056093042946,-1.398463482650287,0,0,0,-11.308477858779952,-0.10526789352297783,0.15064121410250664
1609703825.4035726,Wait,-0.005583904217928648,-0.003146946430206299,1.4870123698863154,-0.1095863811091544,-1.4037804081274599,0,0,0,-11.308477858779952,-0.10526789352297783,0.15064121410250664
1609703825.489648,Wait,-0.005583904217928648,-0.003146946430206299,1.4868112709941952,-0.1077730022108365,-1.4043565528190092,0,0,0,-11.308477858779952,-0.10526789352297783,0.15064121410250664
1609703825.5766869,Wait,-0.0055046891793608665,-0.004221776500344276,1.5026675614197296,-0.11119480231348443,-1.367214936506342,0,0,0,-11.28010509419255,-0.11104099825024605,0.15777810290455818
1609703825.6721983,Wait,-0.0055046891793608665,-0.004221776500344276,1.5068468756858104,-0.12628198190373283,-1.3469135257484346,0,0,0,-11.28010509419255,-0.11104099825024605,0.15777810290455818
1609703825.7587047,Wait,-0.0055046891793608665,-0.004221776500344276,1.503483231176096,-0.12780830253980086,-1.3399848693058032,0,0,0,-11.28010509419255,-0.11104099825024605,0.15777810290455818
1609703825.874708,Wait,-0.005721612833440304,-0.005756798665970564,1.5107584801611704,-0.1299885226762638,-1.315433935674387,0,0,0,-11.25821731495671,-0.11672424152493477,0.1636582724750042
1609703825.9982436,Wait,-0.005721612833440304,-0.005756798665970564,1.5085200070447082,-0.12389056751787597,-1.3025489872604248,0,0,0,-11.25821731495671,-0.11672424152493477,0.1636582724750042
1609703826.1337452,Wait,-0.005595967173576355,-0.006366974674165249,1.5107714252861155,-0.12674678057029765,-1.2802746537794283,0,0,0,-11.243205527542159,-0.122317124158144,0.16911951825022697
1609703826.241132,Wait,-0.005595967173576355,-0.006366974674165249,1.5122383745534902,-0.138541623126027,-1.2514078665842558,0,0,0,-11.243205527542159,-0.122317124158144,0.16911951825022697
1609703826.3617423,Wait,-0.0061599151231348515,-0.005894904490560293,1.5178692602215806,-0.13006236307438743,-1.225900839505312,0,0,0,-11.233628730056807,-0.12689077481627464,0.17438263818621635
1609703826.4869401,Wait,-0.0061599151231348515,-0.005894904490560293,1.5157707804176566,-0.12179311023730174,-1.2166429665296505,0,0,0,-11.233628730056807,-0.12689077481627464,0.17438263818621635
1609703826.6242476,Wait,-0.006376579403877258,-0.0057050129398703575,1.5227942997501505,-0.12281647001438989,-1.1852576717030898,0,0,0,-11.228573302505538,-0.13013286516070366,0.17794069275259972
1609703826.7372556,Wait,-0.006376579403877258,-0.0057050129398703575,1.5218819830417014,-0.12388475259908756,-1.17147661600697,0,0,0,-11.228573302505538,-0.13013286516070366,0.17794069275259972
1609703826.849744,Wait,-0.005986340343952179,-0.0053725517354905605,1.5175737813473087,-0.11703418306367382,-1.1653901298173275,0,0,0,-11.22603843617253,-0.1316637583076954,0.17953002080321312
1609703826.942876,Wait,-0.005986340343952179,-0.0053725517354905605,1.5240368925088064,-0.12957638206038502,-1.1222687965961546,0,0,0,-11.22603843617253,-0.1316637583076954,0.17953002080321312
1609703827.061996,Tracking,-0.005218970589339733,-0.005622375290840864,1.530920457225934,-0.11399367774849467,-1.0995119843394863,0.1530920457225934,0.04394854547290848,0.4239009595765004,-11.224496344802901,-0.13408700749278069,0.1801290176808834
1609703827.1558793,Tracking,-0.005218970589339733,-0.005622375290840864,1.5323099587394249,-0.1152426466093164,-1.0769627536258277,0.1532309958739425,0.04670145915217632,0.37864373164610565,-11.224496344802901,-0.13408700749278069,0.1801290176808834
1609703827.2509909,Tracking,-0.005218970589339733,-0.005622375290840864,1.5247975846531543,-0.14012748338250164,-1.0551155174117806,0.15247975846531545,0.09579383281091966,0.3749573748507752,-11.224496344802901,-0.13408700749278069,0.1801290176808834
1609703827.3522675,Tracking,-6.0417780332500115e-05,-0.031026897951960564,1.5254954627992774,-0.12396520683986902,-1.0426501522302682,0.15254954627992776,0.021310344929127714,0.3903003481590038,-11.205979804275557,-0.13645758852362633,0.18049336597323418
1609703827.4492247,Tracking,-6.0417780332500115e-05,-0.031026897951960564,1.5314898875304306,-0.11826239387280633,-1.0109508049658515,0.15314898875304306,0.03631121893759225,0.34809578454113854,-11.205979804275557,-0.13645758852362633,0.18049336597323418
1609703827.556588,Tracking,0.014507964253425598,-0.0853952094912529,1.5344016390719082,-0.14346262758283654,-0.9840011643192678,0.15344016390719084,0.09244124822797187,0.3542855216459081,-11.169846038101241,-0.12078676745295525,0.18163950368762016
1609703827.6573038,Tracking,0.014507964253425598,-0.0853952094912529,1.532959473399059,-0.13791793466533575,-0.9696470760797339,0.15329594733990592,0.04350719248983449,0.3684616910067395,-11.169846038101241,-0.12078676745295525,0.18163950368762016
1609703827.7531562,Tracking,0.014507964253425598,-0.0853952094912529,1.532577101648727,-0.11182557274623516,-0.9581212505972239,0.15325771016487272,1.8103493337140453e-05,0.3701936141606105,-11.169846038101241,-0.12078676745295525,0.18163950368762016
1609703827.8404768,Tracking,0.013765810988843441,-0.05912176892161369,1.5309416568079421,-0.10685149939996577,-0.9465637130354816,0.15309416568079423,0.03360345042585188,0.36525307698214693,-11.130475501297042,-0.0640038289129734,0.18790825828909874
1609703827.9360452,Tracking,0.013765810988843441,-0.05912176892161369,1.5315107162676653,-0.10113545476475219,-0.9294842406113806,0.15315107162676656,0.03186969989314033,0.3546522420949347,-11.130475501297042,-0.0640038289129734,0.18790825828909874
1609703828.0208843,Tracking,0.013765810988843441,-0.05912176892161369,1.535805215495122,-0.09985739699995592,-0.9008865675851051,0.1535805215495122,0.03868934714366236,0.31866857858883574,-11.130475501297042,-0.0640038289129734,0.18790825828909874
1609703828.1585917,Tracking,-0.003381953341886401,-0.040690064430236816,1.593409648090036,-0.08221671880087467,-0.7779637894287073,0.15934096480900362,0.014671696942693872,0.19091336878201062,-11.088738898513839,0.01656632125377655,0.19798627123236656
1609703828.2583866,Tracking,-0.003381953341886401,-0.040690064430236816,1.5923624860120384,-0.06388512345309588,-0.7690668199356906,0.15923624860120386,-0.00014554133628599114,0.3220805225191238,-11.088738898513839,0.01656632125377655,0.19798627123236656
1609703828.3616967,Tracking,-0.0002959572884719819,-0.014821135438978672,1.5921496446487504,-0.05337531651015407,-0.7603762655145971,0.15921496446487504,0.010156316053399832,0.3213566709560192,-11.046091536758468,0.11205999180674553,0.20681359991431236
1609703828.4552472,Tracking,-0.0002959572884719819,-0.014821135438978672,1.5928088320684408,-0.044226354425091645,-0.7503377638057487,0.15928088320684408,0.00799400490693392,0.31556085175357235,-11.046091536758468,0.11205999180674553,0.20681359991431236
1609703828.5686498,Tracking,-0.00758296437561512,-0.018100742250680923,1.592588005525773,-0.03250675660382677,-0.7129815574547973,0.15925880055257732,0.003445717232031041,0.2679615399461597,-11.00314853596501,0.2112705372273922,0.21538351103663445
1609703828.6583352,Tracking,-0.00758296437561512,-0.018100742250680923,1.5934748503875769,-0.025810043438710815,-0.7015063680488725,0.1593474850387577,0.0060554258458465175,0.298734157079441,-11.00314853596501,0.2112705372273922,0.21538351103663445
1609703828.7565532,Tracking,-0.00758296437561512,-0.018100742250680923,1.5937178069505804,-0.02682462591947004,-0.6908978312870095,0.15937178069505806,0.020468945591175344,0.2997605493983226,-11.00314853596501,0.2112705372273922,0.21538351103663445
1609703828.862599,Tracking,-0.006906683091074228,-0.010457467287778854,1.5946863301467358,-0.02355687798829585,-0.6813173563237138,0.1594686330146736,0.012690177705922082,0.3007390487461576,-10.961118201492354,0.3140583001077175,0.22095037624239922
1609703828.9583883,Tracking,-0.006906683091074228,-0.010457467287778854,1.5949352823533722,-0.027875438253909455,-0.6696336118682557,0.15949352823533725,0.026613112399119412,0.292793149693175,-10.961118201492354,0.3140583001077175,0.22095037624239922
1609703829.0689344,Tracking,-0.002765299752354622,-0.0072364830411970615,1.5855640640428341,-0.030503722569286185,-0.6242550530997608,0.15855640640428342,0.023970900141263796,0.23200842650081066,-10.919693450210616,0.41718530282378197,0.22596004232764244
1609703829.1588387,Tracking,-0.002765299752354622,-0.0072364830411970615,1.58603290404847,-0.024865205999516023,-0.6144691248352248,0.158603290404847,0.007957639172200793,0.2794437248623943,-10.919693450210616,0.41718530282378197,0.22596004232764244
1609703829.2378845,Tracking,-0.002765299752354622,-0.0072364830411970615,1.5867578989684794,-0.02841078080738272,-0.6054933847456736,0.15867578989684794,0.026875840394006603,0.276524350980126,-10.919693450210616,0.41718530282378197,0.22596004232764244
1609703829.3259237,Tracking,-0.0042259469628334045,0.006554504856467247,1.5788949773837118,-0.025886255015644802,-0.5900969701886511,0.1578894977383712,0.013975713037154345,0.262424953041344,-10.878799895523116,0.5164779387414455,0.23126627132296562
1609703829.4146647,Tracking,-0.0042259469628334045,0.006554504856467247,1.5774359042370198,-0.024394422845170294,-0.5844265989229747,0.157743590423702,0.015485157607137721,0.27967487744082214,-10.878799895523116,0.5164779387414455,0.23126627132296562
1609703829.50166,Tracking,-0.0042259469628334045,0.006554504856467247,1.5771758406050287,-0.027257170983005334,-0.5732448262968854,0.15771758406050287,0.024627056017474048,0.26623127380415246,-10.878799895523116,0.5164779387414455,0.23126627132296562
1609703829.5986443,Tracking,-0.006102654151618481,0.00041948145371861756,1.575374293015408,-0.02642891671953885,-0.5714131532923385,0.1575374293015408,0.01756528611476757,0.2845793402696244,-10.838870505569503,0.607271071523428,0.23616554960608482
1609703829.6850863,Tracking,-0.006102654151618481,0.00041948145371861756,1.5726813761135576,-0.028168293931355337,-0.5670314010830204,0.15726813761135577,0.022871656225600855,0.27871751872643485,-10.838870505569503,0.607271071523428,0.23616554960608482
1609703829.7952595,Tracking,-0.004616516642272472,-0.002355886623263359,1.5711149534888307,-0.027879666073547575,-0.560424206047891,0.15711149534888308,0.019092502015823045,0.2762062510200083,-10.79996250080876,0.691110011190176,0.24047709628939629
1609703829.8856208,Tracking,-0.004616516642272472,-0.002355886623263359,1.570904574548194,-0.028127371601862614,-0.5491826916949148,0.15709045745481942,0.020095731177879148,0.26205587428213395,-10.79996250080876,0.691110011190176,0.24047709628939629
1609703829.981643,Tracking,-0.004616516642272472,-0.002355886623263359,1.5663391043175494,-0.027211382793075924,-0.5525466255359577,0.15663391043175495,0.01780849322800351,0.2907416080965717,-10.79996250080876,0.691110011190176,0.24047709628939629
1609703830.0724287,Tracking,-0.00476593803614378,0.0003243778774049133,1.56347512407927,-0.02638076435595234,-0.5487559931913416,0.156347512407927,0.017657258153769815,0.2776724305713371,-10.761517981765792,0.7687172256410122,0.2453838549554348
1609703830.161064,Tracking,-0.00476593803614378,0.0003243778774049133,1.5617892785766887,-0.02578872489695279,-0.5437957590567101,0.15617892785766888,0.017895630690710772,0.2743777980351681,-10.761517981765792,0.7687172256410122,0.2453838549554348
1609703830.2506328,Tracking,-0.00476593803614378,0.0003243778774049133,1.560829562496161,-0.024406254385849813,-0.539157842472864,0.1560829562496161,0.016056181086271788,0.2743952745167468,-10.761517981765792,0.7687172256410122,0.2453838549554348
1609703830.3359082,Tracking,-0.005033406894654036,-0.0035687622148543596,1.5587110607159036,-0.025085668946176996,-0.5378717513464847,0.15587110607159038,0.02016304263695009,0.280731422555255,-10.723134497879073,0.8403708301484585,0.2503463886678219
1609703830.4193192,Tracking,-0.005033406894654036,-0.0035687622148543596,1.556978960780652,-0.026043424408128714,-0.535828921271484,0.1556978960780652,0.0210770859978063,0.27920620524629153,-10.723134497879073,0.8403708301484585,0.2503463886678219
1609703830.5035698,Tracking,-0.005033406894654036,-0.0035687622148543596,1.5552981046426821,-0.025933078060234878,-0.5320440051123216,0.15552981046426823,0.018965197351414633,0.2753340593174534,-10.723134497879073,0.8403708301484585,0.2503463886678219
1609703830.6174245,Tracking,-0.003703600727021694,-0.0062783267349004745,1.5543917586723983,-0.02750745170049266,-0.5275803788638626,0.15543917586723985,0.02201004218279439,0.27573935815730766,-10.68493793415837,0.9068868719041348,0.25412484630942345
1609703830.7064378,Tracking,-0.003703600727021694,-0.0062783267349004745,1.5534182689636564,-0.025497598502364632,-0.5246346761130387,0.15534182689636566,0.015427799452401745,0.27658352211294057,-10.68493793415837,0.9068868719041348,0.25412484630942345
1609703830.7965643,Tracking,-0.0025186147540807724,-0.007965522818267345,1.552893958244475,-0.029167086153181095,-0.5180186950472048,0.1552893958244475,0.027085929333870315,0.2684119937271134,-10.68493793415837,0.9068868719041348,0.25412484630942345
1609703830.8860846,Tracking,-0.0025186147540807724,-0.007965522818267345,1.55236268828692,-0.027515845149991024,-0.5156774753986886,0.15523626882869201,0.016791686051922515,0.2762467985832141,-10.64681194233708,0.9706338606774807,0.2568317912518978
1609703830.9863045,Tracking,-0.0025186147540807724,-0.007965522818267345,1.5511157097700317,-0.03213688538151558,-0.5113779316969218,0.15511157097700318,0.02893666158747648,0.27291430376688514,-10.64681194233708,0.9706338606774807,0.2568317912518978
1609703831.0849333,Tracking,-0.00243899947963655,-0.008737428113818169,1.5477956336935081,-0.03415136104292671,-0.5152246581763983,0.15477956336935084,0.02539867412849824,0.2883959136432482,-10.608876685379073,1.031794723123312,0.2602929584681988
1609703831.1686106,Tracking,-0.00243899947963655,-0.008737428113818169,1.5412578214394137,-0.030796169330085093,-0.49846091041561313,0.15412578214394138,0.014393883460248362,0.24425510869289654,-10.608876685379073,1.031794723123312,0.2602929584681988
1609703831.2630725,Tracking,-0.00243899947963655,-0.008737428113818169,1.5395765727394413,-0.03848681495617778,-0.494200343434137,0.15395765727394414,0.036918703119999834,0.2692154567392246,-10.608876685379073,1.031794723123312,0.2602929584681988
1609703831.3625672,Tracking,-0.0009096275316551328,-0.01165071688592434,1.5365703453084607,-0.041606798540767244,-0.494254849477411,0.1536570345308461,0.02970489564321273,0.27750304912600704,-10.570827941177413,1.0912622772157192,0.26412586495280266
1609703831.4526415,Tracking,-0.0009096275316551328,-0.01165071688592434,1.5338296838044863,-0.04271856734028611,-0.49587432299406864,0.15338296838044863,0.026973851711690984,0.2815595176962234,-10.570827941177413,1.0912622772157192,0.26412586495280266
1609703831.5671813,Tracking,-0.0005139326094649732,-0.011535773053765297,1.5287924383556217,-0.04115977331430183,-0.5002473130267302,0.15287924383556217,0.022270767209893846,0.2871307364549299,-10.532935599563643,1.1515604816377163,0.2689870111644268
1609703831.6541712,Tracking,-0.0005139326094649732,-0.011535773053765297,1.5143263379385257,-0.053480531952525306,-0.48600515468938155,0.15143263379385258,0.05170894358911004,0.2501570073634992,-10.532935599563643,1.1515604816377163,0.2689870111644268
1609703831.7443252,Tracking,-0.0005139326094649732,-0.011535773053765297,1.5085263890276608,-0.0557018269527151,-0.4878387150276406,0.1508526389027661,0.03332499786877595,0.2815899771490504,-10.532935599563643,1.1515604816377163,0.2689870111644268
1609703831.8601167,Tracking,-0.00022873087436892092,-0.013009288348257542,1.3989418390678432,-0.09930231968059383,-0.4503519544203362,0.13989418390678432,0.10517692894166308,0.21386241736504458,-10.495246390579268,1.2123642526566982,0.2743827514350414
1609703831.9554603,Tracking,-0.00022873087436892092,-0.013009288348257542,1.3934894664781772,-0.09802957039668075,-0.4529048690501831,0.13934894664781772,0.04069942652990219,0.27303976726716145,-10.495246390579268,1.2123642526566982,0.2743827514350414
1609703832.0618975,Tracking,0.007653107400983572,-0.005424765404313803,1.3878050419462262,-0.09717921703539478,-0.4535868521044926,0.13878050419462262,0.04144846937128424,0.27064471141619784,-10.459154586074874,1.2735664211213589,0.2815353535115719
1609703832.1527495,Tracking,0.007653107400983572,-0.005424765404313803,1.3782400850254144,-0.09147146299089375,-0.46181668573529944,0.13782400850254145,0.03077552559057651,0.28769279647594076,-10.459154586074874,1.2735664211213589,0.2815353535115719
1609703832.2460065,Tracking,0.007653107400983572,-0.005424765404313803,1.3715165846241462,-0.09362524322065448,-0.4625561506473861,0.13715165846241462,0.045734270892390065,0.27499443325868195,-10.459154586074874,1.2735664211213589,0.2815353535115719
1609703832.3245723,Tracking,-0.0027391165494918823,-0.01701437495648861,1.3649637843113975,-0.09400570678306633,-0.46299958686330595,0.13649637843113976,0.04293731049462345,0.2752960844734594,-10.424757460830733,1.333460744470358,0.29339876398444176
1609703832.4121308,Tracking,-0.0027391165494918823,-0.01701437495648861,1.2470439478357696,-0.11201386363437672,-0.4459890747743952,0.12470439478357696,0.0821588473072955,0.23728895602962505,-10.424757460830733,1.333460744470358,0.29339876398444176
1609703832.5179057,Tracking,-0.0027391165494918823,-0.01701437495648861,1.1229438086444552,-0.14399670377648494,-0.48437869934389877,0.11229438086444553,0.1081233796780002,0.34229064301477685,-10.424757460830733,1.333460744470358,0.29339876398444176
1609703832.6200554,Tracking,0.001000680960714817,-0.011976927518844604,1.0737019383314816,-0.12313914051924855,-0.5339195701267181,0.10737019383314816,0.018281337496644248,0.37870522357663566,-10.391339759109542,1.3962430320680141,0.30531611666083336
1609703832.712067,Tracking,0.001000680960714817,-0.011976927518844604,1.0659664295796296,-0.12075395524511598,-0.5340364220753377,0.10659664295796296,0.0470107286169551,0.299863491358265,-10.391339759109542,1.3962430320680141,0.30531611666083336
1609703832.8234491,Tracking,0.006606674753129482,-0.03246046230196953,1.0631029511720065,-0.042361052415407593,-0.49582545842754,0.10631029511720065,-0.08951115581367727,0.23181056686468599,-10.363240699050948,1.4602219425141811,0.319717850536108
1609703832.9328382,Tracking,0.006606674753129482,-0.03246046230196953,1.0620322067191266,-0.05612613920845637,-0.47035871997557593,0.10620322067191267,0.05186755230741168,0.2427792665425028,-10.363240699050948,1.4602219425141811,0.319717850536108
1609703833.0305183,Tracking,0.006606674753129482,-0.03246046230196953,1.0234722340408076,-0.05606631342440707,-0.5167976200047715,0.10234722340408076,0.031066748785267335,0.3750047971232101,-10.363240699050948,1.4602219425141811,0.319717850536108
1609703833.1364849,Tracking,-0.021379325538873672,-0.00964269693940878,1.0097139217148592,-0.06550861530043176,-0.5217289436470263,0.10097139217148593,0.048952307683984654,0.30664326056688407,-10.337054709671065,1.5326288305222988,0.337378915399313
1609703833.2300012,Tracking,-0.021379325538873672,-0.00964269693940878,0.9972142135798332,-0.07327376334746744,-0.5248018190627313,0,0.05049724608918562,0.30608894665386777,-10.337054709671065,1.5326288305222988,0.337378915399313
1609703833.3459976,Tracking,0.0012642755173146725,-0.01511254534125328,0.9942670313405857,-0.07703486942645207,-0.5014859145146225,0,0.04346521258431469,0.26101940180547495,-10.312786559341475,1.6036173664033413,0.3486263118684292
1609703833.4362953,Tracking,0.0012642755173146725,-0.01511254534125328,0.9863415277977243,-0.07817199517519867,-0.5003540258829287,0,0.04054816317149451,0.29260286381797823,-10.312786559341475,1.6036173664033413,0.3486263118684292
1609703833.5329177,Tracking,0.0012642755173146725,-0.01511254534125328,0.974457620508479,-0.09276323915585818,-0.4888360495896785,0,0.06964559898733187,0.27078099472019024,-10.312786559341475,1.6036173664033413,0.3486263118684292
1609703833.6314747,Tracking,-0.001423122943378985,-0.011515963822603226,0.9625239841099673,-0.09299043671780319,-0.4882809432580855,0,0.0438965981206302,0.2912161213645344,-10.309371451614425,1.6769890151917934,0.36179840192198753
1609703833.728861,Tracking,-0.001423122943378985,-0.011515963822603226,0.9576481605721134,-0.09479941171225179,-0.46993078448921816,0,0.04728943169451166,0.2559629013676858,-10.309371451614425,1.6769890151917934,0.36179840192198753
1609703833.8257713,Tracking,-0.002075705211609602,-0.01028566062450409,0.9309218087936506,-0.09721894989972538,-0.4867933138258421,0,0.0492124177685136,0.3215303431593545,-10.310928801773116,1.7516512237489223,0.375601377338171
1609703833.918864,Tracking,-0.002075705211609602,-0.01028566062450409,0.9205508756812596,-0.10095495628725062,-0.47762897897212114,0,0.05313294951083042,0.2744472985421227,-10.310928801773116,1.7516512237489223,0.375601377338171
1609703834.0044174,Tracking,-0.002075705211609602,-0.01028566062450409,0.9169445226234241,-0.09423481503134182,-0.4551349486325721,0,0.031497083585466476,0.24099088750573433,-10.310928801773116,1.7516512237489223,0.375601377338171
1609703834.0825832,Tracking,-0.002857908606529236,-0.014478207565844059,0.9101032711114079,-0.09310261256121141,-0.4571747215026304,0,0.04181920908695353,0.28982356991743574,-10.31390235829167,1.8250127397477627,0.38930609449744225
1609703834.167238,Tracking,-0.002857908606529236,-0.014478207565844059,0.9032683334025633,-0.08137967908157527,-0.4432034421918235,0,0.017730791622429277,0.2544212202907736,-10.31390235829167,1.8250127397477627,0.38930609449744225
1609703834.2580585,Tracking,-0.002857908606529236,-0.014478207565844059,0.8909356915712072,-0.0840836384043657,-0.4408754531075133,0,0.04649931770375601,0.27732031061220624,-10.31390235829167,1.8250127397477627,0.38930609449744225
1609703834.3525243,Tracking,-0.00786554254591465,-0.007017464376986027,0.8797452577180112,-0.08793976394084456,-0.4333622275090706,0,0.04964345859811214,0.26670329584405544,-10.317017058609053,1.8985014520585537,0.4028395675122738
1609703834.4397633,Tracking,-0.00786554254591465,-0.007017464376986027,0.8740119505214323,-0.08254607133954311,-0.4177912623426142,0,0.031121974794807272,0.2459827885006862,-10.317017058609053,1.8985014520585537,0.4028395675122738
1609703834.5266025,Tracking,-0.00786554254591465,-0.007017464376986027,0.8664663973470764,-0.08290734052603219,-0.4150675177798347,0,0.0422363555558448,0.2699531498021866,-10.317017058609053,1.8985014520585537,0.4028395675122738
1609703834.6361198,Tracking,-0.002832809928804636,-0.006960862781852484,0.856057933544726,-0.08807324472043915,-0.4072331405085118,0,0.051101665961803315,0.2615324059406932,-10.319861869094893,1.969792302697897,0.41363614425063133
1609703834.7294028,Tracking,-0.002832809928804636,-0.006960862781852484,0.8482361968398981,-0.08160956605385816,-0.4020340512155304,0,0.030155023255464507,0.263217860844068,-10.319861869094893,1.969792302697897,0.41363614425063133
1609703834.833825,Tracking,-0.0012416656827554107,-0.00985842663794756,0.8389194540122231,-0.0847785844518397,-0.3962646701194706,0,0.04758994876044797,0.2618561187124409,-10.321732978103682,2.037670072168112,0.42355799302458763
1609703834.9302938,Tracking,-0.0012416656827554107,-0.00985842663794756,0.8221294666931661,-0.0914093708924213,-0.3895359141444821,0,0.05609456229401036,0.2579910754970648,-10.321732978103682,2.037670072168112,0.42355799302458763
1609703835.0206316,Tracking,-0.0012416656827554107,-0.00985842663794756,0.8140527987330777,-0.0935654551463203,-0.3823897126639947,0,0.04951733018384755,0.254647049647087,-10.321732978103682,2.037670072168112,0.42355799302458763
1609703835.1029873,Tracking,-0.0027294920291751623,-0.00988080259412527,0.8088497014200555,-0.09388419222735847,-0.37983139907235625,0,0.046413264144090804,0.26230240157214524,-10.32254550862126,2.103383954614401,0.4352050684392452
1609703835.1874073,Tracking,-0.0027294920291751623,-0.00988080259412527,0.8031948932125048,-0.09188600358063012,-0.3692070855972771,0,0.04135469737182392,0.24378494282693483,-10.32254550862126,2.103383954614401,0.4352050684392452
1609703835.286801,Tracking,-0.0027294920291751623,-0.00988080259412527,0.7971844800498873,-0.08846990524580393,-0.36183784391454277,0,0.03865333262836694,0.2505543063117646,-10.32254550862126,2.103383954614401,0.4352050684392452
1609703835.3899596,Tracking,-0.0027375868521630764,-0.008404948748648167,0.7892160656854711,-0.08820428303550658,-0.35673407643365584,0,0.043945690697439595,0.25356646761579366,-10.323101500747725,2.1684421859681606,0.44655540212988853
1609703835.4748368,Tracking,-0.0027375868521630764,-0.008404948748648167,0.7809240249313002,-0.08817650863750628,-0.35183868929059087,0,0.04441910751767979,0.25108515747331417,-10.323101500747725,2.1684421859681606,0.44655540212988853
1609703835.5867095,Tracking,-0.004192200023680925,-0.008839447982609272,0.7739432798245793,-0.07895882088382189,-0.3441039684784304,0,0.028109943820391524,0.2473578941393874,-10.323495368240401,2.2319115959107876,0.4571719728410244
1609703835.6768312,Tracking,-0.004192200023680925,-0.008839447982609272,0.7671895921414169,-0.07621919800547206,-0.33458789616214835,0,0.03591857708531618,0.23876853621267696,-10.323495368240401,2.2319115959107876,0.4571719728410244
1609703835.7746356,Tracking,-0.004192200023680925,-0.008839447982609272,0.7592560777183077,-0.0771591492421884,-0.32949516563728143,0,0.04293294967546783,0.24653066562640263,-10.323495368240401,2.2319115959107876,0.4571719728410244
1609703835.8688433,Tracking,-0.005015965085476637,-0.00732032535597682,0.7474132554226802,-0.08022236255013569,-0.3297061460649924,0,0.04779131219939364,0.25600030662742773,-10.323899726150557,2.2949210964143276,0.4655863605439663
1609703835.9652815,Tracking,-0.005015965085476637,-0.00732032535597682,0.7383101703969064,-0.07240559802637098,-0.3274071256570011,0,0.026661562112129947,0.25143464343861577,-10.323899726150557,2.2949210964143276,0.4655863605439663
1609703836.0661166,Tracking,-0.001006438280455768,-0.010835302993655205,0.7354728236616457,-0.07076790649901273,-0.31963462970695006,0,0.03704352517291559,0.2409842674147217,-10.324564437149093,2.355222638696432,0.4741222821176052
1609703836.1617575,Tracking,-0.001006438280455768,-0.010835302993655205,0.7268699669420776,-0.07031627111627943,-0.3109225545620753,0,0.03882401797151694,0.23571874567506418,-10.324564437149093,2.355222638696432,0.4741222821176052
1609703836.2586648,Tracking,-0.001006438280455768,-0.010835302993655205,0.7201845936378632,-0.06582065945850211,-0.3042391818427952,0,0.030648902376742376,0.23807634347283418,-10.324564437149093,2.355222638696432,0.4741222821176052
1609703836.3604844,Tracking,-0.002446137834340334,-0.006755314767360687,0.7110253469460726,-0.06427732171293513,-0.30270944722714266,0,0.03541350233722896,0.2469558567368445,-10.32466075825505,2.415795262902975,0.4824969433248043
1609703836.453676,Tracking,-0.002446137834340334,-0.006755314767360687,0.7045362820840204,-0.06340105207879514,-0.30043292889337186,0,0.03617497051457206,0.24510684189278498,-10.32466075825505,2.415795262902975,0.4824969433248043
1609703836.5515623,Tracking,-0.002336452715098858,-0.009579777717590332,0.6998558429474007,-0.061183939254702426,-0.29770604770963294,0,0.0333993359739925,0.24414660061903368,-10.32466075825505,2.415795262902975,0.4824969433248043
1609703836.6607957,Tracking,-0.002336452715098858,-0.009579777717590332,0.6894470592293582,-0.05909155825143417,-0.29679420297932163,0,0.033422907755944066,0.2475541152480698,-10.324140052078292,2.4749035201966763,0.4903320334851742
1609703836.7567594,Tracking,-0.002336452715098858,-0.009579777717590332,0.6815389452869962,-0.054934591899607726,-0.2920708139400734,0,0.028063056941481555,0.23959387735914844,-10.324140052078292,2.4749035201966763,0.4903320334851742
1609703836.8601398,Tracking,-0.00208557047881186,-0.011193017475306988,0.6782562600701274,-0.0512463496279527,-0.279007758311973,0,0.02836263206174464,0.22333825326923798,-10.323671797988936,2.533787425607443,0.49764853343367577
1609703836.9603121,Tracking,-0.00208557047881186,-0.011193017475306988,0.6715857912191913,-0.04708022128211263,-0.273735531496454,0,0.02618149281316191,0.23428933834787086,-10.323671797988936,2.533787425607443,0.49764853343367577
1609703837.070959,Tracking,-0.005631504580378532,-0.00802308227866888,0.6632915454231383,-0.045012806523690635,-0.2708716662041643,0,0.029322842297410497,0.23816461944242465,-10.323847274063155,2.591038879007101,0.506812896579504
1609703837.1722944,Tracking,-0.005631504580378532,-0.00802308227866888,0.6550464920835282,-0.04601000878254718,-0.26306459426914386,0,0.034432115437436406,0.22769330335961027,-10.323847274063155,2.591038879007101,0.506812896579504
1609703837.271534,Tracking,-0.005631504580378532,-0.00802308227866888,0.6458823611972524,-0.04648179275772428,-0.25968294473120634,0,0.033809332496279564,0.23411611000784238,-10.323847274063155,2.591038879007101,0.506812896579504
1609703837.3784683,Tracking,-0.003195078345015645,-0.010502269491553307,0.6378453126911676,-0.04634457514353303,-0.2531480773188445,0,0.032845432153613185,0.2279649954307754,-10.324365119216964,2.6466786228120327,0.5155271850526333
1609703837.4737175,Tracking,-0.003195078345015645,-0.010502269491553307,0.6295211451266194,-0.04449277315075864,-0.24853656679870806,0,0.029329000710789102,0.22898299066963676,-10.324365119216964,2.6466786228120327,0.5155271850526333
1609703837.5720882,Tracking,-0.0021126994397491217,-0.009585971012711525,0.6197672237710721,-0.04528674692766175,-0.24602813285541392,0,0.03414646656275533,0.2324878084550569,-10.325127104995772,2.703855451196432,0.5231141708791256
1609703837.6705053,Tracking,-0.0021126994397491217,-0.009585971012711525,0.6121356957641833,-0.04500453157437832,-0.24030049844966428,0,0.03234361790144621,0.22517256029295296,-10.325127104995772,2.703855451196432,0.5231141708791256
1609703837.7832582,Tracking,-0.0021126994397491217,-0.009585971012711525,0.6026861997958852,-0.048444570415454566,-0.23596202259368648,0,0.03903849677676794,0.22777310328767333,-10.325127104995772,2.703855451196432,0.5231141708791256
1609703837.8941073,Tracking,-0.0033333583269268274,-0.00948244147002697,0.5954626107142502,-0.04820800320891681,-0.2292012121524275,0,0.03367424999137464,0.22286828307032056,-10.32625530171208,2.7611352764070034,0.5307382605969906
1609703838.0002017,Tracking,-0.0033333583269268274,-0.00948244147002697,0.5887911116026661,-0.04655229086880246,-0.22441659777700373,0,0.03082646571900406,0.2233431773834779,-10.32625530171208,2.7611352764070034,0.5307382605969906
1609703838.1061032,Tracking,-0.00210281228646636,-0.009803970344364643,0.5812374443956119,-0.04700334483135439,-0.21809287549915385,0,0.03447623997015107,0.2197266487907116,-10.326943854568526,2.816751178354025,0.5383414588868618
1609703838.196306,Tracking,-0.00210281228646636,-0.009803970344364643,0.5763000481413162,-0.04727961745255274,-0.2151118515066779,0,0.034429182139755536,0.22348732191784496,-10.326943854568526,2.816751178354025,0.5383414588868618
1609703838.290678,Tracking,-0.00210281228646636,-0.009803970344364643,0.5707436490362693,-0.04762386988875526,-0.2140757057794957,0,0.034701031832999406,0.22710659800594205,-10.326943854568526,2.816751178354025,0.5383414588868618
1609703838.3903134,Tracking,-0.002672310220077634,-0.00907937716692686,0.5661732723822828,-0.047267579454013234,-0.21015027362576938,0,0.03346729609538958,0.22148281718254795,-10.326954344986007,2.872335370630026,0.5463586412370205
1609703838.4754634,Tracking,-0.002672310220077634,-0.00907937716692686,0.561169802606417,-0.046832772222334784,-0.20632637085734695,0,0.033139282552352385,0.2196484687529623,-10.326954344986007,2.872335370630026,0.5463586412370205
1609703838.5747452,Tracking,-0.002646154724061489,-0.009507047943770885,0.5566110835774264,-0.047440567278184645,-0.20496527324625285,0,0.035251619377667624,0.22467147926943262,-10.32669589924626,2.927986081689596,0.5546010695397854
1609703838.6636093,Tracking,-0.002646154724061489,-0.009507047943770885,0.5511747378794349,-0.04856983163243912,-0.20123583231037634,0,0.03676261458330669,0.21909076042189857,-10.32669589924626,2.927986081689596,0.5546010695397854
1609703838.7487595,Tracking,-0.002646154724061489,-0.009507047943770885,0.5455400341173651,-0.04766909936934999,-0.1985652223234679,0,0.03269889874139178,0.22026993700433042,-10.32669589924626,2.927986081689596,0.5546010695397854
1609703838.8307822,Tracking,-0.003217919496819377,-0.009396529756486416,0.5437860895940969,-0.047144364326972873,-0.19755547774094817,0,0.03327426647390284,0.2233212321177773,-10.32635353016667,2.983701881021261,0.5632538758218288
1609703838.9281988,Tracking,-0.003217919496819377,-0.009396529756486416,0.538629888930052,-0.045656923727219564,-0.19253196299743736,0,0.03141032116271901,0.21555849947056896,-10.32635353016667,2.983701881021261,0.5632538758218288
1609703839.0251265,Tracking,-0.003217919496819377,-0.009396529756486416,0.5323893570327827,-0.046818497468957124,-0.18833827356052096,0,0.036321854113445316,0.21594126500388153,-10.32635353016667,2.983701881021261,0.5632538758218288
1609703839.1297944,Tracking,-0.0038349421229213476,-0.009575378149747849,0.5276140284805444,-0.047468067374628116,-0.18516459870898655,0,0.03567781173665945,0.21725592791159523,-10.326200942276046,3.0379061065614223,0.5722540579736233
1609703839.218007,Tracking,-0.0038349421229213476,-0.009575378149747849,0.522292699030947,-0.046040645872461455,-0.18195182449886568,0,0.031579069008279836,0.21550554895698915,-10.326200942276046,3.0379061065614223,0.5722540579736233
1609703839.3115644,Tracking,-0.002492224331945181,-0.008918572217226028,0.5168780105137529,-0.045068095611870876,-0.17793573056048925,0,0.032299301290391935,0.2134391525962233,-10.326200942276046,3.0379061065614223,0.5722540579736233
1609703839.3968484,Tracking,-0.002492224331945181,-0.008918572217226028,0.5114440516596995,-0.04421012459122922,-0.174043532674247,0,0.03214329659427759,0.21200025780612933,-10.32607219624333,3.0914580188691616,0.5808433853089809
1609703839.4876332,Tracking,-0.002492224331945181,-0.008918572217226028,0.5059889755792479,-0.04338928020503194,-0.17048677126772765,0,0.03210472123033244,0.21214570006760586,-10.32607219624333,3.0914580188691616,0.5808433853089809
1609703839.5860255,Tracking,-0.0032391368877142668,-0.008809985592961311,0.5022469239570186,-0.041642959017132906,-0.16700846484121135,0,0.030181991441694055,0.21194037525746579,-10.326158980606124,3.1447197757661343,0.5883364044129848
1609703839.6777031,Tracking,-0.0032391368877142668,-0.008809985592961311,0.4977779715799313,-0.04068353230112468,-0.1609862761025603,0,0.031138857665884413,0.2052656475475634,-10.326158980606124,3.1447197757661343,0.5883364044129848
1609703839.7629547,Tracking,-0.0032391368877142668,-0.008809985592961311,0.4926040619764282,-0.039412103138612466,-0.15760743264292673,0,0.030051348642137477,0.20869015942343722,-10.326158980606124,3.1447197757661343,0.5883364044129848
1609703839.8512995,Tracking,-0.003647690871730447,-0.008329810574650764,0.4907958565365045,-0.037677055661571146,-0.15682778906792794,0,0.02877822474272935,0.2137426031879302,-10.326158026931807,3.1973180137574673,0.5953726731240749
1609703839.942264,Tracking,-0.003647690871730447,-0.008329810574650764,0.4851273347147085,-0.03664851964638098,-0.1544179644683328,0,0.029877889485400093,0.2102773552083625,-10.326158026931807,3.1973180137574673,0.5953726731240749
1609703840.03339,Tracking,-0.003647690871730447,-0.008329810574650764,0.47971348826166404,-0.03648142675554911,-0.15087267941023635,0,0.03143942233573142,0.20733192003629353,-10.326158026931807,3.1973180137574673,0.5953726731240749
1609703840.1298294,Tracking,-0.0030413572676479816,-0.010756499134004116,0.4744788569288009,-0.03593888976125389,-0.14669384713036698,0,0.03069311443166712,0.20547738877192898,-10.326177100418136,3.247831042855978,0.6027448736131191
1609703840.2189124,Tracking,-0.0030413572676479816,-0.010756499134004116,0.4696337856710546,-0.03447857945376566,-0.14394945984061933,0,0.02850180611873727,0.2068765471706128,-10.326177100418136,3.247831042855978,0.6027448736131191
1609703840.3116248,Tracking,-0.0033290039282292128,-0.008571048267185688,0.46536464538508104,-0.034393100621435156,-0.13957392097474983,0,0.03107778450089443,0.20301120983526194,-10.326177100418136,3.247831042855978,0.6027448736131191
1609703840.4097786,Tracking,-0.0033290039282292128,-0.008571048267185688,0.4610981587512483,-0.03318200437934428,-0.1363491000344874,0,0.028860453444825664,0.20454248174622208,-10.326425055740401,3.2992641292512417,0.6106296144425869
1609703840.4963157,Tracking,-0.0033290039282292128,-0.008571048267185688,0.45665961970093105,-0.03235314769557213,-0.13293373333042607,0,0.029107388742182647,0.20259530478345192,-10.326425055740401,3.2992641292512417,0.6106296144425869
1609703840.5896494,Tracking,-0.004145847633481026,-0.008458065800368786,0.4521143394149797,-0.033147984978327286,-0.13056299545223524,0,0.03239110839127255,0.20426819829366574,-10.326315383194014,3.350524600595236,0.6182682476937771
1609703840.6820881,Tracking,-0.004145847633481026,-0.008458065800368786,0.44750647402092614,-0.032605840098721556,-0.1267565598810827,0,0.029881852013215155,0.20068374160327435,-10.326315383194014,3.350524600595236,0.6182682476937771
1609703840.7723975,Tracking,-0.004145847633481026,-0.008458065800368786,0.4456331983548965,-0.032200051563219076,-0.12546836618785803,0,0.030022994844680594,0.20488307431742997,-10.326315383194014,3.350524600595236,0.6182682476937771
1609703840.8653212,Tracking,-0.0026347411330789328,-0.009469171985983849,0.44098074270573445,-0.03287490881181397,-0.12143421477133318,0,0.032214877709320494,0.19901520149171403,-10.32646797108464,3.4006366096436977,0.6245775781571865
1609703840.9550424,Tracking,-0.0026347411330789328,-0.009469171985983849,0.43508601690250737,-0.034155669024048964,-0.11960297979090594,0,0.03383734259570384,0.2023393256481282,-10.32646797108464,3.4006366096436977,0.6245775781571865
1609703841.0395157,Tracking,-0.0026347411330789328,-0.009469171985983849,0.4322884170908132,-0.03233941337459941,-0.11505698621178509,0,0.027381544658534537,0.19552361058080325,-10.32646797108464,3.4006366096436977,0.6245775781571865
1609703841.1445217,Tracking,-0.0018334930064156651,-0.009223347529768944,0.3405932938380841,-0.02637716537599944,-0.06803715913324121,0,0.019765826084738862,0.11609175962419299,-10.326823691604659,3.4506420455873013,0.6313838325440884
1609703841.2305193,Tracking,-0.0018334930064156651,-0.009223347529768944,0.3336429914352204,-0.02593035340641645,-0.06493718662931426,0,0.028137803884332426,0.18287173297595077,-10.326823691604659,3.4506420455873013,0.6313838325440884
1609703841.3348472,Tracking,-0.005046928767114878,0.0010277102701365948,0.32759374878737396,-0.025043732269960112,-0.06090323154177661,0,0.02735694518402094,0.18129035147852526,-10.32725856709294,3.4999713264405727,0.6387488804757595
